-- phpMyAdmin SQL Dump
-- version 4.1.6
-- http://www.phpmyadmin.net
--
-- Host: 127.0.0.1
-- Generation Time: Jul 24, 2014 at 11:32 PM
-- Server version: 5.6.16
-- PHP Version: 5.5.9

SET SQL_MODE = "NO_AUTO_VALUE_ON_ZERO";
SET time_zone = "+00:00";


/*!40101 SET @OLD_CHARACTER_SET_CLIENT=@@CHARACTER_SET_CLIENT */;
/*!40101 SET @OLD_CHARACTER_SET_RESULTS=@@CHARACTER_SET_RESULTS */;
/*!40101 SET @OLD_COLLATION_CONNECTION=@@COLLATION_CONNECTION */;
/*!40101 SET NAMES utf8 */;

--
-- Database: `sj_config`
--

-- --------------------------------------------------------

--
-- Table structure for table `data`
--

CREATE TABLE IF NOT EXISTS `data` (
  `data_seq` int(10) NOT NULL AUTO_INCREMENT,
  `pk_code` int(20) NOT NULL,
  `id_item` int(10) NOT NULL,
  `varchr_value` varchar(500) CHARACTER SET utf8 NOT NULL,
  `num_value` int(100) NOT NULL,
  `float_value` decimal(20,8) NOT NULL DEFAULT '0.00000000',
  `date_value` date NOT NULL,
  `text_value` text CHARACTER SET utf8 NOT NULL,
  `mul_parent_seq` int(4) NOT NULL DEFAULT '0',
  PRIMARY KEY (`data_seq`)
) ENGINE=InnoDB  DEFAULT CHARSET=latin1 AUTO_INCREMENT=1187 ;

--
-- Dumping data for table `data`
--

INSERT INTO `data` (`data_seq`, `pk_code`, `id_item`, `varchr_value`, `num_value`, `float_value`, `date_value`, `text_value`, `mul_parent_seq`) VALUES
(423, 166, 1, '김상현21', 0, '0.00000000', '0000-00-00', '', 0),
(424, 166, 2, '222-44443243', 0, '0.00000000', '0000-00-00', '', 0),
(425, 166, 3, '07-14-2014', 0, '0.00000000', '0000-00-00', '', 0),
(426, 166, 4, '', 0, '0.00000000', '0000-00-00', '', 0),
(429, 166, 13, '김범식ㅣ88', 0, '0.00000000', '0000-00-00', '', 0),
(431, 168, 39, '오래유심1', 0, '0.00000000', '0000-00-00', '', 0),
(432, 168, 40, '12', 0, '0.00000000', '0000-00-00', '', 431),
(433, 168, 41, '2', 0, '0.00000000', '0000-00-00', '', 431),
(434, 168, 42, '3', 0, '0.00000000', '0000-00-00', '', 431),
(435, 170, 39, '노래무심', 0, '0.00000000', '0000-00-00', '', 0),
(436, 170, 40, '4', 0, '0.00000000', '0000-00-00', '', 435),
(437, 170, 41, '5', 0, '0.00000000', '0000-00-00', '', 435),
(438, 170, 42, '7', 0, '0.00000000', '0000-00-00', '', 435),
(439, 171, 1, '이숙자', 0, '0.00000000', '0000-00-00', '', 0),
(440, 171, 2, '666-777-9909', 0, '0.00000000', '0000-00-00', '', 0),
(441, 171, 3, '07-14-2014', 0, '0.00000000', '0000-00-00', '', 0),
(442, 171, 4, '07-15-2014', 0, '0.00000000', '0000-00-00', '', 0),
(443, 171, 26, 'LG', 0, '0.00000000', '0000-00-00', '', 0),
(444, 171, 46, '22222', 0, '0.00000000', '0000-00-00', '', 0),
(445, 171, 13, '오말동', 0, '0.00000000', '0000-00-00', '', 0),
(446, 171, 29, '222-333-2222', 0, '0.00000000', '0000-00-00', '', 0),
(447, 173, 39, '말자구심', 0, '0.00000000', '0000-00-00', '', 0),
(448, 173, 40, '9', 0, '0.00000000', '0000-00-00', '', 447),
(449, 173, 41, '8', 0, '0.00000000', '0000-00-00', '', 447),
(450, 173, 42, '7', 0, '0.00000000', '0000-00-00', '', 447),
(451, 174, 1, '김인성11', 0, '0.00000000', '0000-00-00', '', 0),
(452, 174, 2, '312-222-3333', 0, '0.00000000', '0000-00-00', '', 0),
(453, 174, 3, '', 0, '0.00000000', '0000-00-00', '', 0),
(454, 174, 4, '', 0, '0.00000000', '0000-00-00', '', 0),
(455, 174, 26, '', 0, '0.00000000', '0000-00-00', '', 0),
(456, 174, 46, '', 0, '0.00000000', '0000-00-00', '', 0),
(457, 174, 13, '김이성', 0, '0.00000000', '0000-00-00', '', 0),
(458, 174, 29, '666-777-9909', 0, '0.00000000', '0000-00-00', '', 0),
(459, 175, 1, '김인성', 0, '0.00000000', '0000-00-00', '', 0),
(460, 175, 2, '312-222-3333', 0, '0.00000000', '0000-00-00', '', 0),
(461, 175, 3, '', 0, '0.00000000', '0000-00-00', '', 0),
(462, 175, 4, '', 0, '0.00000000', '0000-00-00', '', 0),
(463, 175, 26, '', 0, '0.00000000', '0000-00-00', '', 0),
(464, 175, 46, '', 0, '0.00000000', '0000-00-00', '', 0),
(465, 175, 13, '김이성', 0, '0.00000000', '0000-00-00', '', 0),
(466, 175, 29, '666-777-9909', 0, '0.00000000', '0000-00-00', '', 0),
(470, 168, 32, '41111222222', 0, '0.00000000', '0000-00-00', '', 0),
(471, 168, 35, '555', 0, '0.00000000', '0000-00-00', '', 0),
(472, 168, 32, '11111', 0, '0.00000000', '0000-00-00', '', 0),
(473, 168, 35, '&#12599;&#12616;&#12610;&#12599;&#12616;', 0, '0.00000000', '0000-00-00', '', 0),
(474, 168, 35, '&#12610;&#12610;&#12610;&#12610;', 0, '0.00000000', '0000-00-00', '', 0),
(475, 168, 32, '&#12599;&#12616;&#12599;&#12616;&#12599;&#12616;&#12599;', 0, '0.00000000', '0000-00-00', '', 0),
(476, 168, 35, '33333', 0, '0.00000000', '0000-00-00', '', 0),
(477, 168, 35, '&#12616;&#12616;&#12616;&#12616;', 0, '0.00000000', '0000-00-00', '', 0),
(482, 179, 32, '22231231', 0, '0.00000000', '0000-00-00', '', 0),
(483, 183, 39, 'f-uuuul3333', 0, '0.00000000', '0000-00-00', '', 0),
(484, 183, 40, '22', 0, '0.00000000', '0000-00-00', '', 483),
(485, 183, 41, '33', 0, '0.00000000', '0000-00-00', '', 483),
(486, 183, 42, '55', 0, '0.00000000', '0000-00-00', '', 483),
(487, 183, 32, '777', 0, '0.00000000', '0000-00-00', '', 0),
(488, 184, 39, 'weweqqqq', 0, '0.00000000', '0000-00-00', '', 0),
(489, 184, 40, '111121', 0, '0.00000000', '0000-00-00', '', 488),
(490, 184, 41, '222', 0, '0.00000000', '0000-00-00', '', 488),
(491, 184, 42, '333', 0, '0.00000000', '0000-00-00', '', 488),
(492, 184, 32, '5555', 0, '0.00000000', '0000-00-00', '', 0),
(493, 184, 35, '07-24-2014', 0, '0.00000000', '0000-00-00', '', 0),
(497, 191, 39, 'adsfadsfdsf', 0, '0.00000000', '0000-00-00', '', 0),
(498, 191, 40, '1', 0, '0.00000000', '0000-00-00', '', 497),
(499, 191, 41, '1', 0, '0.00000000', '0000-00-00', '', 497),
(500, 191, 42, '2', 0, '0.00000000', '0000-00-00', '', 497),
(501, 179, 32, '20', 0, '0.00000000', '0000-00-00', '', 0),
(502, 194, 39, '뉴111', 0, '0.00000000', '0000-00-00', '', 0),
(503, 194, 40, '11', 0, '0.00000000', '0000-00-00', '', 502),
(504, 194, 41, '22', 0, '0.00000000', '0000-00-00', '', 502),
(505, 194, 42, '33', 0, '0.00000000', '0000-00-00', '', 502),
(508, 207, 43, '0', 0, '0.00000000', '0000-00-00', '', 0),
(509, 207, 40, '', 0, '0.00000000', '0000-00-00', '', 508),
(510, 207, 41, '', 0, '0.00000000', '0000-00-00', '', 508),
(511, 207, 42, '', 0, '0.00000000', '0000-00-00', '', 508),
(516, 237, 1, 'Test', 0, '0.00000000', '0000-00-00', '', 0),
(517, 237, 2, '111111', 0, '0.00000000', '0000-00-00', '', 0),
(518, 237, 3, '3r343', 0, '0.00000000', '0000-00-00', '', 0),
(519, 237, 4, '44242', 0, '0.00000000', '0000-00-00', '', 0),
(520, 237, 26, '44', 0, '0.00000000', '0000-00-00', '', 0),
(521, 237, 46, '24', 0, '0.00000000', '0000-00-00', '', 0),
(522, 237, 13, 'ddd', 0, '0.00000000', '0000-00-00', '', 0),
(523, 237, 29, 'ssss', 0, '0.00000000', '0000-00-00', '', 0),
(524, 237, 48, 'zzz', 0, '0.00000000', '0000-00-00', '', 0),
(525, 237, 49, 'ggg', 0, '0.00000000', '0000-00-00', '', 0),
(527, 238, 40, 'fasdf', 0, '0.00000000', '0000-00-00', '', 526),
(528, 238, 41, 'asffdsa', 0, '0.00000000', '0000-00-00', '', 526),
(529, 238, 42, 'gfgfdag', 0, '0.00000000', '0000-00-00', '', 526),
(530, 239, 1, 'reagagadfterter', 0, '0.00000000', '0000-00-00', '', 0),
(531, 239, 2, 'dfgdfg', 0, '0.00000000', '0000-00-00', '', 0),
(532, 239, 3, 'dfgdsf', 0, '0.00000000', '0000-00-00', '', 0),
(533, 239, 4, 'gdg', 0, '0.00000000', '0000-00-00', '', 0),
(535, 239, 46, 'gdfggdagdf', 0, '0.00000000', '0000-00-00', '', 0),
(536, 239, 13, 'gadfgadf', 0, '0.00000000', '0000-00-00', '', 0),
(537, 239, 29, 'gdfgadffadhtretertert', 0, '0.00000000', '0000-00-00', '', 0),
(538, 239, 48, 'adfhadfhhd', 0, '0.00000000', '0000-00-00', '', 0),
(539, 239, 49, 'hdfgsdgrg', 0, '0.00000000', '0000-00-00', '', 0),
(540, 241, 39, 'dgsfgdsfg', 0, '0.00000000', '0000-00-00', '', 0),
(541, 241, 40, 'gdsfg', 0, '0.00000000', '0000-00-00', '', 540),
(542, 241, 41, 'dfgdfsg', 0, '0.00000000', '0000-00-00', '', 540),
(543, 241, 42, 'gsdfgsdf', 0, '0.00000000', '0000-00-00', '', 540),
(548, 166, 50, 'gsdggfd', 0, '0.00000000', '0000-00-00', '', 0),
(553, 243, 32, 'hfghfghfgs', 0, '0.00000000', '0000-00-00', '', 0),
(564, 179, 35, 'ffff', 0, '0.00000000', '0000-00-00', '', 0),
(578, 248, 39, 'pro5', 0, '0.00000000', '0000-00-00', '', 0),
(579, 248, 40, '', 0, '0.00000000', '0000-00-00', '', 578),
(580, 248, 41, '', 0, '0.00000000', '0000-00-00', '', 578),
(581, 248, 42, '', 0, '0.00000000', '0000-00-00', '', 578),
(582, 248, 39, 'pro5', 0, '0.00000000', '0000-00-00', '', 0),
(583, 248, 40, '', 0, '0.00000000', '0000-00-00', '', 582),
(584, 248, 41, '', 0, '0.00000000', '0000-00-00', '', 582),
(585, 248, 42, '', 0, '0.00000000', '0000-00-00', '', 582),
(586, 249, 39, 'pro7', 0, '0.00000000', '0000-00-00', '', 0),
(587, 249, 40, '', 0, '0.00000000', '0000-00-00', '', 586),
(588, 249, 41, '', 0, '0.00000000', '0000-00-00', '', 586),
(589, 249, 42, '', 0, '0.00000000', '0000-00-00', '', 586),
(590, 250, 39, 'por8', 0, '0.00000000', '0000-00-00', '', 0),
(591, 250, 40, '', 0, '0.00000000', '0000-00-00', '', 590),
(592, 250, 41, '', 0, '0.00000000', '0000-00-00', '', 590),
(593, 250, 42, '', 0, '0.00000000', '0000-00-00', '', 590),
(599, 252, 40, '15', 0, '0.00000000', '0000-00-00', '', 598),
(600, 252, 41, '12', 0, '0.00000000', '0000-00-00', '', 598),
(601, 252, 42, '13', 0, '0.00000000', '0000-00-00', '', 598),
(605, 179, 32, '333', 0, '0.00000000', '0000-00-00', '', 0),
(610, 166, 1, 'eeee', 0, '0.00000000', '0000-00-00', '', 0),
(611, 166, 13, 'eeee', 0, '0.00000000', '0000-00-00', '', 0),
(617, 259, 40, '11', 0, '0.00000000', '0000-00-00', '', 616),
(618, 259, 41, '22', 0, '0.00000000', '0000-00-00', '', 616),
(619, 259, 42, '', 0, '0.00000000', '0000-00-00', '', 616),
(623, 183, 35, '8/1', 0, '0.00000000', '0000-00-00', '', 0),
(641, 263, 32, '3333', 0, '0.00000000', '0000-00-00', '', 0),
(650, 247, 43, 'ewewqewtrtrttttt', 0, '0.00000000', '0000-00-00', '', 0),
(653, 247, 35, '0', 0, '0.00000000', '0000-00-00', '', 0),
(656, 166, 1, 'trt', 0, '0.00000000', '0000-00-00', '', 0),
(668, 239, 1, 'tter', 0, '0.00000000', '0000-00-00', '', 0),
(673, 247, 39, '222', 0, '0.00000000', '0000-00-00', '', 0),
(675, 247, 32, '4444', 0, '0.00000000', '0000-00-00', '', 0),
(681, 264, 39, 'rwerwe', 0, '0.00000000', '0000-00-00', '', 0),
(682, 264, 40, '11', 0, '0.00000000', '0000-00-00', '', 681),
(683, 264, 41, '22', 0, '0.00000000', '0000-00-00', '', 681),
(691, 264, 32, 'rere', 0, '0.00000000', '0000-00-00', '', 0),
(692, 264, 35, 'wwww', 0, '0.00000000', '0000-00-00', '', 0),
(696, 266, 39, 'wwww1111', 0, '0.00000000', '0000-00-00', '', 0),
(697, 266, 40, '11', 0, '0.00000000', '0000-00-00', '', 696),
(698, 266, 41, '12', 0, '0.00000000', '0000-00-00', '', 696),
(699, 266, 42, '22', 0, '0.00000000', '0000-00-00', '', 696),
(700, 266, 32, '333', 0, '0.00000000', '0000-00-00', '', 0),
(701, 266, 35, '444', 0, '0.00000000', '0000-00-00', '', 0),
(704, 265, 32, 'fsdfasddfa', 0, '0.00000000', '0000-00-00', '', 0),
(705, 265, 35, 'fsadfasdfsd', 0, '0.00000000', '0000-00-00', '', 0),
(710, 267, 32, '1000', 0, '0.00000000', '0000-00-00', '', 0),
(711, 267, 35, '1000', 0, '0.00000000', '0000-00-00', '', 0),
(712, 174, 48, 'Brian', 0, '0.00000000', '0000-00-00', '', 0),
(722, 268, 32, '22', 0, '0.00000000', '0000-00-00', '', 0),
(723, 268, 35, '333', 0, '0.00000000', '0000-00-00', '', 0),
(724, 268, 43, '호주', 0, '0.00000000', '0000-00-00', '', 0),
(729, 277, 39, 'qqq', 0, '0.00000000', '0000-00-00', '', 0),
(730, 277, 40, '11', 0, '0.00000000', '0000-00-00', '', 729),
(731, 277, 41, '12', 0, '0.00000000', '0000-00-00', '', 729),
(732, 277, 42, '13', 0, '0.00000000', '0000-00-00', '', 729),
(733, 277, 32, '33', 0, '0.00000000', '0000-00-00', '', 0),
(734, 277, 35, '44', 0, '0.00000000', '0000-00-00', '', 0),
(736, 277, 42, '333', 0, '0.00000000', '0000-00-00', '', 0),
(737, 277, 42, '888', 0, '0.00000000', '0000-00-00', '', 0),
(738, 279, 39, 's8888', 0, '0.00000000', '0000-00-00', '', 0),
(739, 279, 40, 'fgsgsd', 0, '0.00000000', '0000-00-00', '', 738),
(740, 279, 41, 'gdfgsdg', 0, '0.00000000', '0000-00-00', '', 738),
(741, 279, 42, 'gdfsgsd', 0, '0.00000000', '0000-00-00', '', 738),
(742, 277, 42, '13', 0, '0.00000000', '0000-00-00', '', 0),
(744, 280, 1, 'bum', 0, '0.00000000', '0000-00-00', '', 0),
(745, 280, 2, '1234', 0, '0.00000000', '0000-00-00', '', 0),
(746, 280, 3, '124423', 0, '0.00000000', '0000-00-00', '', 0),
(747, 280, 4, '223423', 0, '0.00000000', '0000-00-00', '', 0),
(748, 280, 26, 'SJ', 0, '0.00000000', '0000-00-00', '', 0),
(749, 280, 46, '333 S Mission Road', 0, '0.00000000', '0000-00-00', '', 0),
(750, 280, 13, 'BUm', 0, '0.00000000', '0000-00-00', '', 0),
(751, 280, 29, '5678', 0, '0.00000000', '0000-00-00', '', 0),
(752, 280, 35, 'Test', 0, '0.00000000', '0000-00-00', '', 0),
(753, 280, 36, 'Test', 0, '0.00000000', '0000-00-00', '', 0),
(755, 282, 1, 'bum', 0, '0.00000000', '0000-00-00', '', 0),
(756, 282, 2, '1234', 0, '0.00000000', '0000-00-00', '', 0),
(757, 282, 3, '124423', 0, '0.00000000', '0000-00-00', '', 0),
(758, 282, 4, '223423', 0, '0.00000000', '0000-00-00', '', 0),
(759, 282, 26, 'SJ', 0, '0.00000000', '0000-00-00', '', 0),
(760, 282, 46, '333 S Mission Road', 0, '0.00000000', '0000-00-00', '', 0),
(761, 282, 13, 'BUm', 0, '0.00000000', '0000-00-00', '', 0),
(762, 282, 29, '5678', 0, '0.00000000', '0000-00-00', '', 0),
(763, 282, 35, 'Test', 0, '0.00000000', '0000-00-00', '', 0),
(764, 282, 36, 'Test', 0, '0.00000000', '0000-00-00', '', 0),
(765, 283, 1, 'bum', 0, '0.00000000', '0000-00-00', '', 0),
(766, 283, 2, '1234', 0, '0.00000000', '0000-00-00', '', 0),
(767, 283, 3, '124423', 0, '0.00000000', '0000-00-00', '', 0),
(768, 283, 4, '223423', 0, '0.00000000', '0000-00-00', '', 0),
(769, 283, 26, 'SJ', 0, '0.00000000', '0000-00-00', '', 0),
(770, 283, 46, '333 S Mission Road', 0, '0.00000000', '0000-00-00', '', 0),
(771, 283, 13, 'BUm', 0, '0.00000000', '0000-00-00', '', 0),
(772, 283, 29, '5678', 0, '0.00000000', '0000-00-00', '', 0),
(773, 283, 35, 'Test', 0, '0.00000000', '0000-00-00', '', 0),
(774, 283, 36, 'Test', 0, '0.00000000', '0000-00-00', '', 0),
(776, 279, 35, 'dfagdfagdag', 0, '0.00000000', '0000-00-00', '', 0),
(777, 279, 33, 'gfdagdfag', 0, '0.00000000', '0000-00-00', '', 0),
(778, 279, 36, 'dafgadfgadf', 0, '0.00000000', '0000-00-00', '', 0),
(779, 279, 34, 'gadfga', 0, '0.00000000', '0000-00-00', '', 0),
(780, 284, 39, 'TEST', 0, '0.00000000', '0000-00-00', '', 0),
(781, 284, 40, '1', 0, '0.00000000', '0000-00-00', '', 780),
(782, 284, 41, '1', 0, '0.00000000', '0000-00-00', '', 780),
(783, 284, 42, '1fjdlf', 0, '0.00000000', '0000-00-00', '', 780),
(784, 284, 32, 'dfagfdag4444', 0, '0.00000000', '0000-00-00', '', 0),
(785, 284, 35, 'gdagadg', 0, '0.00000000', '0000-00-00', '', 0),
(794, 239, 39, 'fasdfsad', 0, '0.00000000', '0000-00-00', '', 0),
(795, 284, 39, 'test1', 0, '0.00000000', '0000-00-00', '', 0),
(796, 284, 40, '2', 0, '0.00000000', '0000-00-00', '', 795),
(797, 284, 41, '2', 0, '0.00000000', '0000-00-00', '', 795),
(798, 284, 42, 'sssss', 0, '0.00000000', '0000-00-00', '', 795),
(799, 302, 39, 'sfad', 0, '0.00000000', '0000-00-00', '', 0),
(800, 302, 40, 'asdff', 0, '0.00000000', '0000-00-00', '', 799),
(801, 302, 41, 'sfd', 0, '0.00000000', '0000-00-00', '', 799),
(802, 302, 42, 'sfd', 0, '0.00000000', '0000-00-00', '', 799),
(803, 311, 32, 'dgsagsadg', 0, '0.00000000', '0000-00-00', '', 0),
(804, 311, 35, 'sdagsg', 0, '0.00000000', '0000-00-00', '', 0),
(805, 311, 39, 'sdads', 0, '0.00000000', '0000-00-00', '', 0),
(806, 311, 40, '33', 0, '0.00000000', '0000-00-00', '', 805),
(807, 311, 41, 'asda', 0, '0.00000000', '0000-00-00', '', 805),
(808, 311, 42, 'asdggs', 0, '0.00000000', '0000-00-00', '', 805),
(809, 313, 39, 'gsdag', 0, '0.00000000', '0000-00-00', '', 0),
(810, 313, 40, 'fdagfad', 0, '0.00000000', '0000-00-00', '', 809),
(811, 313, 41, 'gadfg', 0, '0.00000000', '0000-00-00', '', 809),
(812, 313, 42, 'gadfgdf', 0, '0.00000000', '0000-00-00', '', 809),
(813, 313, 32, 'adfgadf', 0, '0.00000000', '0000-00-00', '', 0),
(814, 313, 35, 'gadfgadf', 0, '0.00000000', '0000-00-00', '', 0),
(815, 314, 39, 'fdgadfg', 0, '0.00000000', '0000-00-00', '', 0),
(816, 314, 40, '1fgadfg', 0, '0.00000000', '0000-00-00', '', 815),
(817, 314, 41, '1dgfgadf', 0, '0.00000000', '0000-00-00', '', 815),
(818, 314, 42, 'agdg', 0, '0.00000000', '0000-00-00', '', 815),
(819, 314, 32, 'gadfgdffda', 0, '0.00000000', '0000-00-00', '', 0),
(820, 314, 35, 'gadfgfad', 0, '0.00000000', '0000-00-00', '', 0),
(821, 315, 39, 'sgdfg', 0, '0.00000000', '0000-00-00', '', 0),
(822, 315, 40, '22', 0, '0.00000000', '0000-00-00', '', 821),
(823, 315, 41, '22', 0, '0.00000000', '0000-00-00', '', 821),
(824, 315, 42, '33', 0, '0.00000000', '0000-00-00', '', 821),
(825, 316, 39, 'adfgdfg', 0, '0.00000000', '0000-00-00', '', 0),
(826, 316, 40, 'dafgd', 0, '0.00000000', '0000-00-00', '', 825),
(827, 316, 41, 'gfdgad', 0, '0.00000000', '0000-00-00', '', 825),
(828, 316, 42, 'gadfg', 0, '0.00000000', '0000-00-00', '', 825),
(829, 317, 39, 'gdsfgsdf', 0, '0.00000000', '0000-00-00', '', 0),
(830, 317, 40, 'gdsfgsdf', 0, '0.00000000', '0000-00-00', '', 829),
(831, 317, 41, 'gsdg', 0, '0.00000000', '0000-00-00', '', 829),
(832, 317, 42, 'gdsfgfsdg', 0, '0.00000000', '0000-00-00', '', 829),
(833, 317, 32, 'gfsdgsdg', 0, '0.00000000', '0000-00-00', '', 0),
(834, 317, 35, 'gfsdgsdfg', 0, '0.00000000', '0000-00-00', '', 0),
(835, 317, 35, 'gfsdgsdfg', 0, '0.00000000', '0000-00-00', '', 0),
(836, 318, 39, 'fdagfd', 0, '0.00000000', '0000-00-00', '', 0),
(837, 318, 40, 'gadfgadg', 0, '0.00000000', '0000-00-00', '', 836),
(838, 318, 41, 'dfaf', 0, '0.00000000', '0000-00-00', '', 836),
(839, 318, 42, 'agdfgad', 0, '0.00000000', '0000-00-00', '', 836),
(840, 318, 32, 'gdfsgdfsg', 0, '0.00000000', '0000-00-00', '', 0),
(841, 318, 35, 'gfsdgsd', 0, '0.00000000', '0000-00-00', '', 0),
(842, 318, 35, 'gfsdgsd', 0, '0.00000000', '0000-00-00', '', 0),
(843, 318, 32, 'dfsgsd', 0, '0.00000000', '0000-00-00', '', 0),
(844, 318, 35, 'gssdgsdf', 0, '0.00000000', '0000-00-00', '', 0),
(845, 318, 36, 'fsdgfdsg', 0, '0.00000000', '0000-00-00', '', 0),
(846, 323, 39, 'gfdsg', 0, '0.00000000', '0000-00-00', '', 0),
(847, 323, 40, 'gdfsg', 0, '0.00000000', '0000-00-00', '', 846),
(848, 323, 41, 'gdfsg', 0, '0.00000000', '0000-00-00', '', 846),
(849, 323, 42, 'gsdg', 0, '0.00000000', '0000-00-00', '', 846),
(850, 324, 39, 'gsdf', 0, '0.00000000', '0000-00-00', '', 0),
(851, 324, 40, 'sdfg', 0, '0.00000000', '0000-00-00', '', 850),
(852, 324, 41, 'gsdf', 0, '0.00000000', '0000-00-00', '', 850),
(853, 324, 42, 'gfsd', 0, '0.00000000', '0000-00-00', '', 850),
(854, 326, 39, 'gdfgg', 0, '0.00000000', '0000-00-00', '', 0),
(855, 326, 40, 'gdfgdg', 0, '0.00000000', '0000-00-00', '', 854),
(856, 326, 41, 'gdf', 0, '0.00000000', '0000-00-00', '', 854),
(857, 326, 42, 'gdsf', 0, '0.00000000', '0000-00-00', '', 854),
(858, 328, 39, 'fdsgs', 0, '0.00000000', '0000-00-00', '', 0),
(859, 328, 40, 'gdfsg', 0, '0.00000000', '0000-00-00', '', 858),
(860, 328, 41, 'gfsdg', 0, '0.00000000', '0000-00-00', '', 858),
(861, 328, 42, 'gfsdg', 0, '0.00000000', '0000-00-00', '', 858),
(862, 329, 39, 'fesgds', 0, '0.00000000', '0000-00-00', '', 0),
(863, 329, 40, 'ggsdfg', 0, '0.00000000', '0000-00-00', '', 862),
(864, 329, 41, 'gdfsgsdgfsdg', 0, '0.00000000', '0000-00-00', '', 862),
(865, 329, 42, 'gfsdg', 0, '0.00000000', '0000-00-00', '', 862),
(866, 329, 32, 'gfsdgsdf', 0, '0.00000000', '0000-00-00', '', 0),
(867, 329, 35, 'gfsdfgsd', 0, '0.00000000', '0000-00-00', '', 0),
(868, 329, 33, 'gfsdgsd', 0, '0.00000000', '0000-00-00', '', 0),
(869, 329, 36, 'gfsdgsd', 0, '0.00000000', '0000-00-00', '', 0),
(870, 330, 39, 'hrahdf', 0, '0.00000000', '0000-00-00', '', 0),
(871, 330, 40, 'hfhhsdh', 0, '0.00000000', '0000-00-00', '', 870),
(872, 330, 41, 'hfhshsdf', 0, '0.00000000', '0000-00-00', '', 870),
(873, 330, 42, 'hsdfh', 0, '0.00000000', '0000-00-00', '', 870),
(874, 331, 39, 'gdfsg', 0, '0.00000000', '0000-00-00', '', 0),
(875, 331, 40, 'gdsfg', 0, '0.00000000', '0000-00-00', '', 874),
(876, 331, 41, 'gdsf', 0, '0.00000000', '0000-00-00', '', 874),
(877, 331, 42, 'gdsf', 0, '0.00000000', '0000-00-00', '', 874),
(878, 332, 39, 'dafgadfg', 0, '0.00000000', '0000-00-00', '', 0),
(879, 332, 40, 'djaklgjkl', 0, '0.00000000', '0000-00-00', '', 878),
(880, 332, 41, 'gdjklgjkl', 0, '0.00000000', '0000-00-00', '', 878),
(881, 332, 42, 'gdjkgjsl', 0, '0.00000000', '0000-00-00', '', 878),
(882, 332, 32, 'gfagadfg', 0, '0.00000000', '0000-00-00', '', 0),
(883, 332, 36, 'gadfgadfg', 0, '0.00000000', '0000-00-00', '', 0),
(884, 332, 33, 'gadfgadf', 0, '0.00000000', '0000-00-00', '', 0),
(885, 336, 39, 'gfafgadf', 0, '0.00000000', '0000-00-00', '', 0),
(886, 336, 40, 'dfagfadgfad', 0, '0.00000000', '0000-00-00', '', 885),
(887, 336, 41, 'gadfgfadg', 0, '0.00000000', '0000-00-00', '', 885),
(888, 336, 42, 'dfagadfg', 0, '0.00000000', '0000-00-00', '', 885),
(889, 336, 32, 'dfagdfag', 0, '0.00000000', '0000-00-00', '', 0),
(890, 336, 35, 'gadfgad', 0, '0.00000000', '0000-00-00', '', 0),
(891, 336, 33, 'gadfgadg', 0, '0.00000000', '0000-00-00', '', 0),
(892, 336, 34, 'feagadg', 0, '0.00000000', '0000-00-00', '', 0),
(893, 336, 36, 'afgdfgfda', 0, '0.00000000', '0000-00-00', '', 0),
(894, 337, 39, 'gdfg', 0, '0.00000000', '0000-00-00', '', 0),
(895, 337, 40, 'dfgfsdgdsfg', 0, '0.00000000', '0000-00-00', '', 894),
(896, 337, 41, 'gsgsd', 0, '0.00000000', '0000-00-00', '', 894),
(897, 337, 42, 'gfsdgfsdgs', 0, '0.00000000', '0000-00-00', '', 894),
(898, 337, 32, 'gadfgfdag', 0, '0.00000000', '0000-00-00', '', 0),
(899, 340, 39, 'tgdagd', 0, '0.00000000', '0000-00-00', '', 0),
(900, 340, 40, 'dfgsdf', 0, '0.00000000', '0000-00-00', '', 899),
(901, 340, 41, 'gdsfggdsf', 0, '0.00000000', '0000-00-00', '', 899),
(902, 340, 42, 'gsdfgsdfg', 0, '0.00000000', '0000-00-00', '', 899),
(903, 341, 39, 'gdfsg', 0, '0.00000000', '0000-00-00', '', 0),
(904, 341, 40, 'gdsg', 0, '0.00000000', '0000-00-00', '', 903),
(905, 341, 41, 'dgfgsd', 0, '0.00000000', '0000-00-00', '', 903),
(906, 341, 42, 'gdfsg', 0, '0.00000000', '0000-00-00', '', 903),
(907, 347, 39, 'dgagdf', 0, '0.00000000', '0000-00-00', '', 0),
(908, 347, 40, 'gdfgadf', 0, '0.00000000', '0000-00-00', '', 907),
(909, 347, 41, 'gdfag', 0, '0.00000000', '0000-00-00', '', 907),
(910, 347, 42, 'gdafg', 0, '0.00000000', '0000-00-00', '', 907),
(917, 370, 39, 'gfdg', 0, '0.00000000', '0000-00-00', '', 0),
(918, 370, 40, 'sdfgsdfg', 0, '0.00000000', '0000-00-00', '', 917),
(919, 370, 41, 'gsdfgfd', 0, '0.00000000', '0000-00-00', '', 917),
(920, 370, 42, 'gdfsgsd', 0, '0.00000000', '0000-00-00', '', 917),
(921, 311, 39, 'qqq', 0, '0.00000000', '0000-00-00', '', 0),
(922, 311, 40, '22', 0, '0.00000000', '0000-00-00', '', 921),
(923, 311, 41, '33', 0, '0.00000000', '0000-00-00', '', 921),
(924, 311, 42, '55', 0, '0.00000000', '0000-00-00', '', 921),
(925, 381, 39, '상품', 0, '0.00000000', '0000-00-00', '', 0),
(926, 381, 40, 'qty', 0, '0.00000000', '0000-00-00', '', 925),
(927, 381, 41, 'price', 0, '0.00000000', '0000-00-00', '', 925),
(928, 381, 42, 'description', 0, '0.00000000', '0000-00-00', '', 925),
(933, 311, 32, 'sgsfgfs', 0, '0.00000000', '0000-00-00', '', 0),
(934, 311, 35, 'sfgsfgfsgsg', 0, '0.00000000', '0000-00-00', '', 0),
(935, 332, 32, '11111', 0, '0.00000000', '0000-00-00', '', 0),
(936, 332, 35, '22222', 0, '0.00000000', '0000-00-00', '', 0),
(937, 383, 39, 'dsfsd', 0, '0.00000000', '0000-00-00', '', 0),
(938, 383, 40, 'fsdf', 0, '0.00000000', '0000-00-00', '', 937),
(939, 383, 41, 'fsd', 0, '0.00000000', '0000-00-00', '', 937),
(940, 383, 42, 'sdfsfd', 0, '0.00000000', '0000-00-00', '', 937),
(941, 280, 39, 'ytry', 0, '0.00000000', '0000-00-00', '', 0),
(942, 280, 40, 'htrsh', 0, '0.00000000', '0000-00-00', '', 941),
(943, 280, 41, 'hsth', 0, '0.00000000', '0000-00-00', '', 941),
(944, 280, 42, 'htsf', 0, '0.00000000', '0000-00-00', '', 941),
(945, 389, 1, '범', 0, '0.00000000', '0000-00-00', '', 0),
(946, 389, 2, '렁나ㅣ러', 0, '0.00000000', '0000-00-00', '', 0),
(947, 389, 3, 'ㄹ어ㅏㄹ어', 0, '0.00000000', '0000-00-00', '', 0),
(948, 389, 4, 'ㅓㅏㄹ어ㅏ리ㅓ', 0, '0.00000000', '0000-00-00', '', 0),
(949, 389, 26, '러ㅏㅣ러ㅣㅏ', 0, '0.00000000', '0000-00-00', '', 0),
(950, 389, 46, 'ㅓ라ㅣㅓ', 0, '0.00000000', '0000-00-00', '', 0),
(951, 389, 13, '범', 0, '0.00000000', '0000-00-00', '', 0),
(952, 389, 29, 'ㅓㅏ린ㅇㄹㄹ', 0, '0.00000000', '0000-00-00', '', 0),
(953, 389, 52, '러ㅏㅣㄹ', 0, '0.00000000', '0000-00-00', '', 0),
(954, 389, 35, '러ㅏㅣㄹ', 0, '0.00000000', '0000-00-00', '', 0),
(955, 389, 36, '러ㅏㅇ', 0, '0.00000000', '0000-00-00', '', 0),
(956, 390, 39, 'ㅎㄱㅁㄷㅎ', 0, '0.00000000', '0000-00-00', '', 0),
(957, 390, 40, 'ㅎㄱㅁ', 0, '0.00000000', '0000-00-00', '', 956),
(958, 390, 41, 'ㅁㄱㅎㄱㅁㅇ', 0, '0.00000000', '0000-00-00', '', 956),
(959, 390, 42, 'ㅁㅎㅇㅎㅁ', 0, '0.00000000', '0000-00-00', '', 956),
(960, 390, 32, 'ㅎㅁㅇㄱㅎㄱㅁㅇㅎ', 0, '0.00000000', '0000-00-00', '', 0),
(961, 390, 35, 'ㅎㅁㄱㅇㄱㅇ', 0, '0.00000000', '0000-00-00', '', 0),
(962, 392, 1, '범', 0, '0.00000000', '0000-00-00', '', 0),
(963, 392, 2, '렁나ㅣ러', 0, '0.00000000', '0000-00-00', '', 0),
(964, 392, 3, 'ㄹ어ㅏㄹ어', 0, '0.00000000', '0000-00-00', '', 0),
(965, 392, 4, 'ㅓㅏㄹ어ㅏ리ㅓ', 0, '0.00000000', '0000-00-00', '', 0),
(966, 392, 26, '러ㅏㅣ러ㅣㅏ', 0, '0.00000000', '0000-00-00', '', 0),
(967, 392, 46, 'ㅓ라ㅣㅓ', 0, '0.00000000', '0000-00-00', '', 0),
(968, 392, 13, '범', 0, '0.00000000', '0000-00-00', '', 0),
(969, 392, 29, 'ㅓㅏ린ㅇㄹㄹ', 0, '0.00000000', '0000-00-00', '', 0),
(970, 392, 52, '러ㅏㅣㄹ', 0, '0.00000000', '0000-00-00', '', 0),
(971, 392, 35, '러ㅏㅣㄹ', 0, '0.00000000', '0000-00-00', '', 0),
(972, 392, 36, '러ㅏㅇ', 0, '0.00000000', '0000-00-00', '', 0),
(973, 393, 39, 'ㄱㅎㄱㅎㄷ', 0, '0.00000000', '0000-00-00', '', 0),
(974, 393, 40, 'ㅎㄷㄱㄷㄱ', 0, '0.00000000', '0000-00-00', '', 973),
(975, 393, 41, 'ㅁㄷㄷ', 0, '0.00000000', '0000-00-00', '', 973),
(976, 393, 42, 'ㄷㅁㄱㅎㅁㄷㅎ', 0, '0.00000000', '0000-00-00', '', 973),
(977, 393, 32, 'ㅎㅁㄷㄱㄷ', 0, '0.00000000', '0000-00-00', '', 0),
(978, 393, 35, 'ㅎㄱㅁㄷㅎ', 0, '0.00000000', '0000-00-00', '', 0),
(979, 405, 39, '상품', 0, '0.00000000', '0000-00-00', '', 0),
(980, 405, 40, 'qty', 0, '0.00000000', '0000-00-00', '', 979),
(981, 405, 41, 'price', 0, '0.00000000', '0000-00-00', '', 979),
(982, 405, 42, 'description', 0, '0.00000000', '0000-00-00', '', 979),
(988, 405, 32, '111111', 0, '0.00000000', '0000-00-00', '', 0),
(989, 405, 33, '222222', 0, '0.00000000', '0000-00-00', '', 0),
(990, 405, 34, '3333333', 0, '0.00000000', '0000-00-00', '', 0),
(992, 405, 35, '4444444', 0, '0.00000000', '0000-00-00', '', 0),
(993, 405, 36, '555555', 0, '0.00000000', '0000-00-00', '', 0),
(998, 390, 39, 'plan1', 0, '0.00000000', '0000-00-00', '', 0),
(999, 390, 40, '2', 0, '0.00000000', '0000-00-00', '', 998),
(1000, 390, 41, '3', 0, '0.00000000', '0000-00-00', '', 998),
(1001, 390, 42, '4', 0, '0.00000000', '0000-00-00', '', 998),
(1002, 405, 39, '삼품2', 0, '0.00000000', '0000-00-00', '', 0),
(1003, 405, 40, 'qty2', 0, '0.00000000', '0000-00-00', '', 1002),
(1004, 405, 41, 'price2', 0, '0.00000000', '0000-00-00', '', 1002),
(1005, 405, 42, 'description2', 0, '0.00000000', '0000-00-00', '', 1002),
(1006, 406, 1, 'gdafg', 0, '0.00000000', '0000-00-00', '', 0),
(1007, 406, 2, 'gdaf', 0, '0.00000000', '0000-00-00', '', 0),
(1008, 406, 3, 'dafg', 0, '0.00000000', '0000-00-00', '', 0),
(1009, 406, 4, 'gadf', 0, '0.00000000', '0000-00-00', '', 0),
(1010, 406, 26, 'gadf', 0, '0.00000000', '0000-00-00', '', 0),
(1011, 406, 46, 'adf', 0, '0.00000000', '0000-00-00', '', 0),
(1012, 406, 13, 'a', 0, '0.00000000', '0000-00-00', '', 0),
(1013, 406, 29, 'fg', 0, '0.00000000', '0000-00-00', '', 0),
(1014, 406, 52, 'af', 0, '0.00000000', '0000-00-00', '', 0),
(1015, 406, 35, 'afgdfa', 0, '0.00000000', '0000-00-00', '', 0),
(1016, 406, 36, 'gadfgd', 0, '0.00000000', '0000-00-00', '', 0),
(1017, 407, 1, 'gdafg', 0, '0.00000000', '0000-00-00', '', 0),
(1018, 407, 2, 'gdaf', 0, '0.00000000', '0000-00-00', '', 0),
(1019, 407, 3, 'dafg', 0, '0.00000000', '0000-00-00', '', 0),
(1020, 407, 4, 'gadf', 0, '0.00000000', '0000-00-00', '', 0),
(1021, 407, 26, 'gadf', 0, '0.00000000', '0000-00-00', '', 0),
(1022, 407, 46, 'adf', 0, '0.00000000', '0000-00-00', '', 0),
(1023, 407, 13, 'a', 0, '0.00000000', '0000-00-00', '', 0),
(1024, 407, 29, 'fg', 0, '0.00000000', '0000-00-00', '', 0),
(1025, 407, 52, 'af', 0, '0.00000000', '0000-00-00', '', 0),
(1026, 407, 35, 'afgdfa', 0, '0.00000000', '0000-00-00', '', 0),
(1027, 407, 36, 'gadfgd', 0, '0.00000000', '0000-00-00', '', 0),
(1028, 408, 1, 'gdafg', 0, '0.00000000', '0000-00-00', '', 0),
(1029, 408, 2, 'gdaf', 0, '0.00000000', '0000-00-00', '', 0),
(1030, 408, 3, 'dafg', 0, '0.00000000', '0000-00-00', '', 0),
(1031, 408, 4, 'gadf', 0, '0.00000000', '0000-00-00', '', 0),
(1032, 408, 26, 'gadf', 0, '0.00000000', '0000-00-00', '', 0),
(1033, 408, 46, 'adf', 0, '0.00000000', '0000-00-00', '', 0),
(1034, 408, 13, 'a', 0, '0.00000000', '0000-00-00', '', 0),
(1035, 408, 29, 'fg', 0, '0.00000000', '0000-00-00', '', 0),
(1036, 408, 52, 'af', 0, '0.00000000', '0000-00-00', '', 0),
(1037, 408, 35, 'afgdfa', 0, '0.00000000', '0000-00-00', '', 0),
(1038, 408, 36, 'gadfgd', 0, '0.00000000', '0000-00-00', '', 0),
(1039, 409, 1, 'gdafg', 0, '0.00000000', '0000-00-00', '', 0),
(1040, 409, 2, 'gdaf', 0, '0.00000000', '0000-00-00', '', 0),
(1041, 409, 3, 'dafg', 0, '0.00000000', '0000-00-00', '', 0),
(1042, 409, 4, 'gadf', 0, '0.00000000', '0000-00-00', '', 0),
(1043, 409, 26, 'gadf', 0, '0.00000000', '0000-00-00', '', 0),
(1044, 409, 46, 'adf', 0, '0.00000000', '0000-00-00', '', 0),
(1045, 409, 13, 'a', 0, '0.00000000', '0000-00-00', '', 0),
(1046, 409, 29, 'fg', 0, '0.00000000', '0000-00-00', '', 0),
(1047, 409, 52, 'af', 0, '0.00000000', '0000-00-00', '', 0),
(1048, 409, 35, 'afgdfa', 0, '0.00000000', '0000-00-00', '', 0),
(1049, 409, 36, 'gadfgd', 0, '0.00000000', '0000-00-00', '', 0),
(1050, 410, 1, 'gdafg', 0, '0.00000000', '0000-00-00', '', 0),
(1051, 410, 2, 'gdaf', 0, '0.00000000', '0000-00-00', '', 0),
(1052, 410, 3, 'dafg', 0, '0.00000000', '0000-00-00', '', 0),
(1053, 410, 4, 'gadf', 0, '0.00000000', '0000-00-00', '', 0),
(1054, 410, 26, 'gadf', 0, '0.00000000', '0000-00-00', '', 0),
(1055, 410, 46, 'adf', 0, '0.00000000', '0000-00-00', '', 0),
(1056, 410, 13, 'a', 0, '0.00000000', '0000-00-00', '', 0),
(1057, 410, 29, 'fg', 0, '0.00000000', '0000-00-00', '', 0),
(1058, 410, 52, 'af', 0, '0.00000000', '0000-00-00', '', 0),
(1059, 410, 35, 'afgdfa', 0, '0.00000000', '0000-00-00', '', 0),
(1060, 410, 36, 'gadfgd', 0, '0.00000000', '0000-00-00', '', 0),
(1061, 411, 1, 'gdafg', 0, '0.00000000', '0000-00-00', '', 0),
(1062, 411, 2, 'gdaf', 0, '0.00000000', '0000-00-00', '', 0),
(1063, 411, 3, 'dafg', 0, '0.00000000', '0000-00-00', '', 0),
(1064, 411, 4, 'gadf', 0, '0.00000000', '0000-00-00', '', 0),
(1065, 411, 26, 'gadf', 0, '0.00000000', '0000-00-00', '', 0),
(1066, 411, 46, 'adf', 0, '0.00000000', '0000-00-00', '', 0),
(1067, 411, 13, 'a', 0, '0.00000000', '0000-00-00', '', 0),
(1068, 411, 29, 'fg', 0, '0.00000000', '0000-00-00', '', 0),
(1069, 411, 52, 'af', 0, '0.00000000', '0000-00-00', '', 0),
(1070, 411, 35, 'afgdfa', 0, '0.00000000', '0000-00-00', '', 0),
(1071, 411, 36, 'gadfgd', 0, '0.00000000', '0000-00-00', '', 0),
(1072, 412, 1, 'gdafg', 0, '0.00000000', '0000-00-00', '', 0),
(1073, 412, 2, 'gdaf', 0, '0.00000000', '0000-00-00', '', 0),
(1074, 412, 3, 'dafg', 0, '0.00000000', '0000-00-00', '', 0),
(1075, 412, 4, 'gadf', 0, '0.00000000', '0000-00-00', '', 0),
(1076, 412, 26, 'gadf', 0, '0.00000000', '0000-00-00', '', 0),
(1077, 412, 46, 'adf', 0, '0.00000000', '0000-00-00', '', 0),
(1078, 412, 13, 'a', 0, '0.00000000', '0000-00-00', '', 0),
(1079, 412, 29, 'fg', 0, '0.00000000', '0000-00-00', '', 0),
(1080, 412, 52, 'af', 0, '0.00000000', '0000-00-00', '', 0),
(1081, 412, 35, 'afgdfa', 0, '0.00000000', '0000-00-00', '', 0),
(1082, 412, 36, 'gadfgd', 0, '0.00000000', '0000-00-00', '', 0),
(1083, 413, 1, 'gdafg', 0, '0.00000000', '0000-00-00', '', 0),
(1084, 413, 2, 'gdaf', 0, '0.00000000', '0000-00-00', '', 0),
(1085, 413, 3, 'dafg', 0, '0.00000000', '0000-00-00', '', 0),
(1086, 413, 4, 'gadf', 0, '0.00000000', '0000-00-00', '', 0),
(1087, 413, 26, 'gadf', 0, '0.00000000', '0000-00-00', '', 0),
(1088, 413, 46, 'adf', 0, '0.00000000', '0000-00-00', '', 0),
(1089, 413, 13, 'a', 0, '0.00000000', '0000-00-00', '', 0),
(1090, 413, 29, 'fg', 0, '0.00000000', '0000-00-00', '', 0),
(1091, 413, 52, 'af', 0, '0.00000000', '0000-00-00', '', 0),
(1092, 413, 35, 'afgdfa', 0, '0.00000000', '0000-00-00', '', 0),
(1093, 413, 36, 'gadfgd', 0, '0.00000000', '0000-00-00', '', 0),
(1094, 417, 1, '김범식', 0, '0.00000000', '0000-00-00', '', 0),
(1095, 417, 2, '111111', 0, '0.00000000', '0000-00-00', '', 0),
(1096, 417, 3, '11111', 0, '0.00000000', '0000-00-00', '', 0),
(1097, 417, 4, '22222', 0, '0.00000000', '0000-00-00', '', 0),
(1098, 417, 26, '22222', 0, '0.00000000', '0000-00-00', '', 0),
(1099, 417, 46, '22222', 0, '0.00000000', '0000-00-00', '', 0),
(1100, 417, 13, '김범식', 0, '0.00000000', '0000-00-00', '', 0),
(1101, 417, 29, '33333', 0, '0.00000000', '0000-00-00', '', 0),
(1102, 417, 52, '333333', 0, '0.00000000', '0000-00-00', '', 0),
(1103, 417, 35, '444444', 0, '0.00000000', '0000-00-00', '', 0),
(1104, 417, 36, '444444', 0, '0.00000000', '0000-00-00', '', 0),
(1105, 418, 39, '상품', 0, '0.00000000', '0000-00-00', '', 0),
(1106, 418, 40, 'qty', 0, '0.00000000', '0000-00-00', '', 1105),
(1107, 418, 41, 'price', 0, '0.00000000', '0000-00-00', '', 1105),
(1108, 418, 42, 'description', 0, '0.00000000', '0000-00-00', '', 1105),
(1109, 418, 32, '11111', 0, '0.00000000', '0000-00-00', '', 0),
(1110, 418, 35, '222222', 0, '0.00000000', '0000-00-00', '', 0),
(1111, 418, 33, '333333', 0, '0.00000000', '0000-00-00', '', 0),
(1112, 418, 36, '444444', 0, '0.00000000', '0000-00-00', '', 0),
(1113, 418, 34, '555555', 0, '0.00000000', '0000-00-00', '', 0),
(1115, 419, 1, 'dgd', 0, '0.00000000', '0000-00-00', '', 0),
(1116, 419, 2, 'gsdfg', 0, '0.00000000', '0000-00-00', '', 0),
(1117, 419, 3, 'gsdfg', 0, '0.00000000', '0000-00-00', '', 0),
(1118, 419, 4, 'dfggsdf', 0, '0.00000000', '0000-00-00', '', 0),
(1119, 419, 26, 'gg', 0, '0.00000000', '0000-00-00', '', 0),
(1120, 419, 46, '', 0, '0.00000000', '0000-00-00', '', 0),
(1121, 419, 13, 'gsd', 0, '0.00000000', '0000-00-00', '', 0),
(1122, 419, 29, '', 0, '0.00000000', '0000-00-00', '', 0),
(1123, 419, 52, '', 0, '0.00000000', '0000-00-00', '', 0),
(1124, 419, 35, 'sg', 0, '0.00000000', '0000-00-00', '', 0),
(1125, 419, 36, '', 0, '0.00000000', '0000-00-00', '', 0),
(1126, 419, 48, 'cfdzsfsd', 0, '0.00000000', '0000-00-00', '', 0),
(1127, 419, 49, '', 0, '0.00000000', '0000-00-00', '', 0),
(1128, 419, 50, '', 0, '0.00000000', '0000-00-00', '', 0),
(1129, 420, 1, '테스트', 0, '0.00000000', '0000-00-00', '', 0),
(1130, 420, 2, '전화', 0, '0.00000000', '0000-00-00', '', 0),
(1131, 420, 3, '등록일', 0, '0.00000000', '0000-00-00', '', 0),
(1132, 420, 4, '판매일', 0, '0.00000000', '0000-00-00', '', 0),
(1133, 420, 26, '통신사', 0, '0.00000000', '0000-00-00', '', 0),
(1134, 420, 46, '주소', 0, '0.00000000', '0000-00-00', '', 0),
(1135, 420, 13, '이름', 0, '0.00000000', '0000-00-00', '', 0),
(1136, 420, 29, '전화', 0, '0.00000000', '0000-00-00', '', 0),
(1137, 420, 52, '달러', 0, '0.00000000', '0000-00-00', '', 0),
(1138, 420, 48, '이름 ', 0, '0.00000000', '0000-00-00', '', 0),
(1139, 420, 49, '전화', 0, '0.00000000', '0000-00-00', '', 0),
(1140, 420, 50, '날짜', 0, '0.00000000', '0000-00-00', '', 0),
(1141, 421, 39, '상품이름', 0, '0.00000000', '0000-00-00', '', 0),
(1142, 421, 40, '100', 0, '0.00000000', '0000-00-00', '', 1141),
(1143, 421, 41, '200', 0, '0.00000000', '0000-00-00', '', 1141),
(1144, 421, 42, 'descripion', 0, '0.00000000', '0000-00-00', '', 1141),
(1145, 421, 32, '플랜총액', 0, '0.00000000', '0000-00-00', '', 0),
(1146, 421, 33, '비과세', 0, '0.00000000', '0000-00-00', '', 0),
(1147, 421, 34, '과세', 0, '0.00000000', '0000-00-00', '', 0),
(1148, 421, 35, '개통요청', 0, '0.00000000', '0000-00-00', '', 0),
(1149, 421, 36, '개통접수', 0, '0.00000000', '0000-00-00', '', 0),
(1150, 420, 13, '김범식', 0, '0.00000000', '0000-00-00', '', 0),
(1151, 420, 48, '브라이언', 0, '0.00000000', '0000-00-00', '', 0),
(1152, 423, 39, 'ㅏㅗㅓㅏ', 0, '0.00000000', '0000-00-00', '', 0),
(1153, 423, 40, '3', 0, '0.00000000', '0000-00-00', '', 1152),
(1154, 423, 41, '300', 0, '0.00000000', '0000-00-00', '', 1152),
(1155, 423, 42, 'ㅗㅓㅏㅗ', 0, '0.00000000', '0000-00-00', '', 1152),
(1156, 425, 1, '김상혀ㅑㄴ', 0, '0.00000000', '0000-00-00', '', 0),
(1157, 425, 2, '222222', 0, '0.00000000', '0000-00-00', '', 0),
(1158, 425, 3, '07-10-2014', 0, '0.00000000', '0000-00-00', '', 0),
(1159, 425, 4, '', 0, '0.00000000', '0000-00-00', '', 0),
(1160, 425, 26, '', 0, '0.00000000', '0000-00-00', '', 0),
(1161, 425, 46, '', 0, '0.00000000', '0000-00-00', '', 0),
(1162, 425, 13, '김인소ㅓㅇ', 0, '0.00000000', '0000-00-00', '', 0),
(1163, 425, 29, '', 0, '0.00000000', '0000-00-00', '', 0),
(1164, 425, 52, '', 0, '0.00000000', '0000-00-00', '', 0),
(1165, 425, 48, '김ㅅ기기', 0, '0.00000000', '0000-00-00', '', 0),
(1166, 425, 49, '', 0, '0.00000000', '0000-00-00', '', 0),
(1167, 425, 50, '', 0, '0.00000000', '0000-00-00', '', 0),
(1168, 426, 39, '온세111', 0, '0.00000000', '0000-00-00', '', 0),
(1169, 426, 40, '1', 0, '0.00000000', '0000-00-00', '', 1168),
(1170, 426, 41, '22', 0, '0.00000000', '0000-00-00', '', 1168),
(1171, 426, 42, '몰라', 0, '0.00000000', '0000-00-00', '', 1168),
(1172, 426, 32, '100', 0, '0.00000000', '0000-00-00', '', 0),
(1173, 426, 35, '07-10-2014', 0, '0.00000000', '0000-00-00', '', 0),
(1182, 421, 43, 'usa', 0, '0.00000000', '0000-00-00', '', 0),
(1183, 426, 39, '호호', 0, '0.00000000', '0000-00-00', '', 0),
(1184, 426, 40, '1', 0, '0.00000000', '0000-00-00', '', 1183),
(1185, 426, 41, '200', 0, '0.00000000', '0000-00-00', '', 1183),
(1186, 426, 42, '게세라', 0, '0.00000000', '0000-00-00', '', 1183);

-- --------------------------------------------------------

--
-- Table structure for table `item`
--

CREATE TABLE IF NOT EXISTS `item` (
  `id_item` int(10) NOT NULL AUTO_INCREMENT,
  `id_group` int(10) NOT NULL,
  `field_name` varchar(300) CHARACTER SET utf8 NOT NULL,
  `field_value` int(1) NOT NULL DEFAULT '0',
  `parent_id_item` int(10) NOT NULL DEFAULT '0',
  `requirement` int(1) NOT NULL DEFAULT '0',
  `excel_display` int(1) NOT NULL DEFAULT '0',
  `orderno` int(2) DEFAULT NULL,
  `space` int(2) DEFAULT NULL,
  `vkey` int(1) NOT NULL DEFAULT '0',
  `multi_chk` int(1) NOT NULL DEFAULT '0',
  `excel_f_name` varchar(300) CHARACTER SET utf8 DEFAULT NULL,
  `select_value` varchar(500) CHARACTER SET utf8 DEFAULT NULL,
  PRIMARY KEY (`id_item`)
) ENGINE=InnoDB  DEFAULT CHARSET=latin1 AUTO_INCREMENT=54 ;

--
-- Dumping data for table `item`
--

INSERT INTO `item` (`id_item`, `id_group`, `field_name`, `field_value`, `parent_id_item`, `requirement`, `excel_display`, `orderno`, `space`, `vkey`, `multi_chk`, `excel_f_name`, `select_value`) VALUES
(1, 1, '이름', 1, 0, 1, 1, 11, 13, 1, 0, 'eeee', '0'),
(2, 1, '전화', 1, 0, 1, 0, NULL, NULL, 0, 0, NULL, NULL),
(3, 1, '등록일', 4, 0, 1, 1, NULL, NULL, 0, 1, NULL, '0'),
(4, 1, '판매일', 4, 0, 1, 0, NULL, NULL, 0, 0, NULL, NULL),
(13, 2, '이름', 1, 0, 1, 0, NULL, NULL, 1, 1, NULL, '0'),
(26, 1, '통신사', 6, 0, 0, 0, NULL, NULL, 0, 0, NULL, '김:이:박'),
(29, 2, '전화', 1, 0, 1, 0, NULL, NULL, 0, 1, NULL, '0'),
(30, 7, '이름', 1, 0, 1, 0, NULL, NULL, 0, 0, NULL, NULL),
(31, 7, '주소', 1, 0, 1, 0, NULL, NULL, 0, 0, NULL, NULL),
(32, 13, '플랜총액', 1, 0, 0, 0, NULL, NULL, 0, 0, NULL, NULL),
(33, 13, '비과세', 1, 0, 0, 0, NULL, NULL, 0, 0, NULL, NULL),
(34, 13, '과세', 1, 0, 0, 0, NULL, NULL, 0, 0, NULL, NULL),
(35, 14, '개통요청', 1, 0, 0, 0, NULL, NULL, 0, 0, NULL, NULL),
(36, 14, '개통접수', 1, 0, 0, 0, NULL, NULL, 0, 0, NULL, NULL),
(37, 15, '현지번호', 1, 0, 0, 0, NULL, NULL, 0, 0, NULL, NULL),
(38, 15, '착신번호', 1, 0, 0, 0, NULL, NULL, 0, 0, NULL, NULL),
(39, 12, '상품', 1, 0, 0, 0, NULL, NULL, 1, 1, NULL, NULL),
(40, 12, 'qty', 2, 39, 0, 0, NULL, NULL, 1, 1, NULL, NULL),
(41, 12, 'price', 3, 39, 0, 0, NULL, NULL, 1, 0, NULL, NULL),
(42, 12, 'description', 1, 39, 0, 0, NULL, NULL, 0, 0, NULL, NULL),
(43, 12, '상품국가', 1, 0, 0, 0, NULL, NULL, 0, 0, NULL, NULL),
(45, 19, '상품', 1, 0, 0, 0, NULL, NULL, 0, 0, NULL, NULL),
(46, 1, '주소', 1, 0, 0, 0, NULL, NULL, 0, 0, NULL, NULL),
(48, 20, '이름', 1, 0, 1, 0, NULL, NULL, 0, 0, NULL, NULL),
(49, 20, '전화', 1, 0, 1, 0, NULL, NULL, 0, 0, NULL, NULL),
(50, 20, '날짜', 4, 0, 1, 0, NULL, NULL, 0, 0, NULL, NULL),
(52, 2, '달러', 6, 0, 1, 0, NULL, NULL, 0, 1, NULL, '1,2,3');

-- --------------------------------------------------------

--
-- Table structure for table `item_group`
--

CREATE TABLE IF NOT EXISTS `item_group` (
  `id_group` int(10) NOT NULL AUTO_INCREMENT,
  `name_group` varchar(300) CHARACTER SET utf8 NOT NULL,
  `parent_id_group` int(10) NOT NULL DEFAULT '0',
  `child_chk` int(1) NOT NULL DEFAULT '0',
  `input_display` int(1) NOT NULL DEFAULT '1',
  `label_display` int(1) NOT NULL DEFAULT '0',
  PRIMARY KEY (`id_group`)
) ENGINE=InnoDB  DEFAULT CHARSET=latin1 AUTO_INCREMENT=21 ;

--
-- Dumping data for table `item_group`
--

INSERT INTO `item_group` (`id_group`, `name_group`, `parent_id_group`, `child_chk`, `input_display`, `label_display`) VALUES
(1, '구매자정보', 0, 1, 1, 0),
(2, '입금자', 1, 0, 1, 0),
(12, 'plan정보', 1, 1, 0, 1),
(13, '정산정보', 12, 0, 0, 0),
(14, '개통정보', 12, 0, 0, 0),
(20, '수령자', 1, 0, 1, 0);

-- --------------------------------------------------------

--
-- Table structure for table `pk_code`
--

CREATE TABLE IF NOT EXISTS `pk_code` (
  `pk_code` int(10) NOT NULL AUTO_INCREMENT,
  `create_date` datetime NOT NULL,
  `update_date` datetime NOT NULL,
  `delete_date` datetime NOT NULL,
  `parent_pk_code` int(10) DEFAULT NULL,
  PRIMARY KEY (`pk_code`)
) ENGINE=InnoDB  DEFAULT CHARSET=latin1 AUTO_INCREMENT=428 ;

--
-- Dumping data for table `pk_code`
--

INSERT INTO `pk_code` (`pk_code`, `create_date`, `update_date`, `delete_date`, `parent_pk_code`) VALUES
(159, '2014-07-18 15:02:29', '0000-00-00 00:00:00', '0000-00-00 00:00:00', NULL),
(160, '2014-07-18 15:04:59', '0000-00-00 00:00:00', '0000-00-00 00:00:00', NULL),
(161, '2014-07-18 15:05:12', '0000-00-00 00:00:00', '0000-00-00 00:00:00', NULL),
(162, '2014-07-18 15:06:47', '0000-00-00 00:00:00', '0000-00-00 00:00:00', NULL),
(163, '2014-07-18 15:07:54', '0000-00-00 00:00:00', '0000-00-00 00:00:00', NULL),
(164, '2014-07-18 15:08:19', '0000-00-00 00:00:00', '0000-00-00 00:00:00', NULL),
(165, '2014-07-18 15:09:39', '0000-00-00 00:00:00', '0000-00-00 00:00:00', NULL),
(166, '2014-07-18 15:11:19', '0000-00-00 00:00:00', '2014-07-22 18:55:24', NULL),
(167, '2014-07-18 15:11:29', '0000-00-00 00:00:00', '0000-00-00 00:00:00', 166),
(168, '2014-07-18 15:11:30', '0000-00-00 00:00:00', '2014-07-18 16:14:16', 166),
(169, '2014-07-18 15:12:11', '0000-00-00 00:00:00', '0000-00-00 00:00:00', 166),
(170, '2014-07-18 15:12:12', '0000-00-00 00:00:00', '2014-07-18 15:51:44', 166),
(171, '2014-07-18 15:13:59', '0000-00-00 00:00:00', '2014-07-18 15:17:30', NULL),
(172, '2014-07-18 15:14:55', '0000-00-00 00:00:00', '0000-00-00 00:00:00', 171),
(173, '2014-07-18 15:14:56', '0000-00-00 00:00:00', '0000-00-00 00:00:00', 171),
(174, '2014-07-18 15:39:52', '0000-00-00 00:00:00', '2014-07-23 10:36:56', NULL),
(175, '2014-07-18 15:41:44', '0000-00-00 00:00:00', '2014-07-21 10:24:38', NULL),
(176, '2014-07-18 16:09:55', '0000-00-00 00:00:00', '0000-00-00 00:00:00', 166),
(177, '2014-07-18 16:10:27', '0000-00-00 00:00:00', '0000-00-00 00:00:00', 166),
(178, '2014-07-21 09:54:05', '0000-00-00 00:00:00', '0000-00-00 00:00:00', 166),
(179, '2014-07-21 09:54:05', '0000-00-00 00:00:00', '0000-00-00 00:00:00', 166),
(180, '2014-07-21 10:03:27', '0000-00-00 00:00:00', '0000-00-00 00:00:00', 166),
(181, '2014-07-21 10:03:28', '0000-00-00 00:00:00', '0000-00-00 00:00:00', 166),
(182, '2014-07-21 10:04:16', '0000-00-00 00:00:00', '0000-00-00 00:00:00', 166),
(183, '2014-07-21 10:04:17', '0000-00-00 00:00:00', '2014-07-22 15:42:37', 166),
(184, '2014-07-21 10:07:10', '0000-00-00 00:00:00', '2014-07-21 10:24:19', 166),
(185, '2014-07-21 10:24:45', '0000-00-00 00:00:00', '0000-00-00 00:00:00', 166),
(186, '2014-07-21 10:24:46', '0000-00-00 00:00:00', '0000-00-00 00:00:00', 166),
(187, '2014-07-21 10:25:41', '0000-00-00 00:00:00', '0000-00-00 00:00:00', 166),
(188, '2014-07-21 10:28:21', '0000-00-00 00:00:00', '0000-00-00 00:00:00', 166),
(189, '2014-07-21 10:29:23', '0000-00-00 00:00:00', '0000-00-00 00:00:00', 166),
(190, '2014-07-21 11:45:16', '0000-00-00 00:00:00', '0000-00-00 00:00:00', 166),
(191, '2014-07-21 11:45:16', '0000-00-00 00:00:00', '2014-07-21 11:45:51', 166),
(192, '2014-07-21 11:49:44', '0000-00-00 00:00:00', '0000-00-00 00:00:00', 166),
(193, '2014-07-21 12:56:38', '0000-00-00 00:00:00', '0000-00-00 00:00:00', 166),
(194, '2014-07-21 12:56:39', '0000-00-00 00:00:00', '2014-07-22 11:14:53', 166),
(195, '2014-07-21 12:58:14', '0000-00-00 00:00:00', '0000-00-00 00:00:00', 166),
(196, '2014-07-21 12:58:14', '0000-00-00 00:00:00', '0000-00-00 00:00:00', 166),
(197, '2014-07-21 12:58:53', '0000-00-00 00:00:00', '0000-00-00 00:00:00', 166),
(198, '2014-07-21 12:59:04', '0000-00-00 00:00:00', '0000-00-00 00:00:00', 166),
(199, '2014-07-21 13:46:41', '0000-00-00 00:00:00', '0000-00-00 00:00:00', 166),
(200, '2014-07-21 13:47:04', '0000-00-00 00:00:00', '0000-00-00 00:00:00', 166),
(201, '2014-07-21 13:47:37', '0000-00-00 00:00:00', '0000-00-00 00:00:00', 166),
(202, '2014-07-21 13:49:38', '0000-00-00 00:00:00', '0000-00-00 00:00:00', 166),
(203, '2014-07-21 14:28:54', '0000-00-00 00:00:00', '0000-00-00 00:00:00', 166),
(204, '2014-07-21 14:28:54', '0000-00-00 00:00:00', '0000-00-00 00:00:00', 166),
(205, '2014-07-21 14:42:34', '0000-00-00 00:00:00', '0000-00-00 00:00:00', 166),
(206, '2014-07-21 14:43:23', '0000-00-00 00:00:00', '0000-00-00 00:00:00', 166),
(207, '2014-07-21 14:43:46', '0000-00-00 00:00:00', '2014-07-21 14:49:46', 166),
(208, '2014-07-21 14:45:23', '0000-00-00 00:00:00', '0000-00-00 00:00:00', 166),
(209, '2014-07-21 14:45:38', '0000-00-00 00:00:00', '0000-00-00 00:00:00', 166),
(210, '2014-07-21 14:46:20', '0000-00-00 00:00:00', '0000-00-00 00:00:00', 166),
(211, '2014-07-21 14:47:06', '0000-00-00 00:00:00', '0000-00-00 00:00:00', 166),
(212, '2014-07-21 14:47:12', '0000-00-00 00:00:00', '0000-00-00 00:00:00', 166),
(213, '2014-07-21 14:47:28', '0000-00-00 00:00:00', '0000-00-00 00:00:00', 166),
(214, '2014-07-21 14:47:31', '0000-00-00 00:00:00', '0000-00-00 00:00:00', 166),
(215, '2014-07-21 15:07:21', '0000-00-00 00:00:00', '0000-00-00 00:00:00', 166),
(216, '2014-07-21 15:41:11', '0000-00-00 00:00:00', '0000-00-00 00:00:00', 166),
(217, '2014-07-21 16:10:55', '0000-00-00 00:00:00', '0000-00-00 00:00:00', 166),
(218, '2014-07-21 16:41:39', '0000-00-00 00:00:00', '0000-00-00 00:00:00', 166),
(219, '2014-07-21 16:41:58', '0000-00-00 00:00:00', '0000-00-00 00:00:00', 166),
(220, '2014-07-21 16:46:04', '0000-00-00 00:00:00', '0000-00-00 00:00:00', 166),
(221, '2014-07-21 16:49:05', '0000-00-00 00:00:00', '0000-00-00 00:00:00', 166),
(222, '2014-07-21 16:52:17', '0000-00-00 00:00:00', '0000-00-00 00:00:00', 166),
(223, '2014-07-21 16:54:43', '0000-00-00 00:00:00', '0000-00-00 00:00:00', 166),
(224, '2014-07-21 16:55:21', '0000-00-00 00:00:00', '0000-00-00 00:00:00', 166),
(225, '2014-07-21 17:53:26', '0000-00-00 00:00:00', '0000-00-00 00:00:00', 166),
(226, '2014-07-21 17:53:30', '0000-00-00 00:00:00', '0000-00-00 00:00:00', 166),
(227, '2014-07-22 09:53:32', '0000-00-00 00:00:00', '0000-00-00 00:00:00', 166),
(228, '2014-07-22 10:03:08', '0000-00-00 00:00:00', '0000-00-00 00:00:00', 166),
(229, '2014-07-22 10:03:10', '0000-00-00 00:00:00', '0000-00-00 00:00:00', 166),
(230, '2014-07-22 10:03:38', '0000-00-00 00:00:00', '0000-00-00 00:00:00', 166),
(231, '2014-07-22 10:04:42', '0000-00-00 00:00:00', '0000-00-00 00:00:00', 166),
(232, '2014-07-22 10:04:43', '0000-00-00 00:00:00', '0000-00-00 00:00:00', 166),
(233, '2014-07-22 10:04:47', '0000-00-00 00:00:00', '0000-00-00 00:00:00', 166),
(234, '2014-07-22 11:01:18', '0000-00-00 00:00:00', '0000-00-00 00:00:00', 166),
(235, '2014-07-22 11:04:26', '0000-00-00 00:00:00', '0000-00-00 00:00:00', 166),
(236, '2014-07-22 11:06:27', '0000-00-00 00:00:00', '0000-00-00 00:00:00', 166),
(237, '2014-07-22 11:06:56', '0000-00-00 00:00:00', '2014-07-22 11:08:19', NULL),
(238, '2014-07-22 11:07:01', '0000-00-00 00:00:00', '0000-00-00 00:00:00', 237),
(239, '2014-07-22 11:08:35', '0000-00-00 00:00:00', '2014-07-23 11:50:51', NULL),
(240, '2014-07-22 11:08:38', '0000-00-00 00:00:00', '0000-00-00 00:00:00', 239),
(241, '2014-07-22 11:09:03', '0000-00-00 00:00:00', '2014-07-22 18:58:41', 239),
(242, '2014-07-22 11:13:08', '0000-00-00 00:00:00', '0000-00-00 00:00:00', 239),
(243, '2014-07-22 11:14:57', '0000-00-00 00:00:00', '0000-00-00 00:00:00', 239),
(244, '2014-07-22 11:17:35', '0000-00-00 00:00:00', '0000-00-00 00:00:00', 239),
(245, '2014-07-22 11:21:22', '0000-00-00 00:00:00', '0000-00-00 00:00:00', 166),
(246, '2014-07-22 11:22:32', '0000-00-00 00:00:00', '0000-00-00 00:00:00', 166),
(247, '2014-07-22 11:41:43', '0000-00-00 00:00:00', '2014-07-22 18:44:39', 166),
(248, '2014-07-22 11:44:45', '0000-00-00 00:00:00', '2014-07-22 11:50:38', 166),
(249, '2014-07-22 11:46:02', '0000-00-00 00:00:00', '2014-07-22 11:50:46', 166),
(250, '2014-07-22 11:47:26', '0000-00-00 00:00:00', '2014-07-22 11:51:29', 166),
(251, '2014-07-22 11:50:55', '0000-00-00 00:00:00', '0000-00-00 00:00:00', 166),
(252, '2014-07-22 13:26:53', '0000-00-00 00:00:00', '2014-07-22 15:26:27', 166),
(253, '2014-07-22 13:27:43', '0000-00-00 00:00:00', '0000-00-00 00:00:00', 166),
(254, '2014-07-22 13:28:06', '0000-00-00 00:00:00', '0000-00-00 00:00:00', 166),
(255, '2014-07-22 14:41:09', '0000-00-00 00:00:00', '0000-00-00 00:00:00', 166),
(256, '2014-07-22 14:41:17', '0000-00-00 00:00:00', '0000-00-00 00:00:00', 166),
(257, '2014-07-22 14:42:24', '0000-00-00 00:00:00', '0000-00-00 00:00:00', 166),
(258, '2014-07-22 14:57:51', '0000-00-00 00:00:00', '0000-00-00 00:00:00', 166),
(259, '2014-07-22 15:00:13', '0000-00-00 00:00:00', '2014-07-22 15:26:30', 166),
(260, '2014-07-22 15:05:20', '0000-00-00 00:00:00', '0000-00-00 00:00:00', 174),
(261, '2014-07-22 15:33:15', '0000-00-00 00:00:00', '0000-00-00 00:00:00', 166),
(262, '2014-07-22 15:48:06', '0000-00-00 00:00:00', '0000-00-00 00:00:00', 166),
(263, '2014-07-22 15:50:34', '0000-00-00 00:00:00', '0000-00-00 00:00:00', 239),
(264, '2014-07-22 18:47:12', '0000-00-00 00:00:00', '2014-07-22 18:59:00', 239),
(265, '2014-07-22 18:47:46', '0000-00-00 00:00:00', '0000-00-00 00:00:00', 239),
(266, '2014-07-22 18:53:49', '0000-00-00 00:00:00', '2014-07-22 19:00:09', 239),
(267, '2014-07-22 19:02:37', '0000-00-00 00:00:00', '0000-00-00 00:00:00', 174),
(268, '2014-07-23 09:14:46', '0000-00-00 00:00:00', '2014-07-23 09:38:41', 174),
(269, '2014-07-23 09:17:06', '0000-00-00 00:00:00', '0000-00-00 00:00:00', 174),
(270, '2014-07-23 09:17:55', '0000-00-00 00:00:00', '0000-00-00 00:00:00', 174),
(271, '2014-07-23 09:28:22', '0000-00-00 00:00:00', '0000-00-00 00:00:00', 174),
(272, '2014-07-23 09:29:06', '0000-00-00 00:00:00', '0000-00-00 00:00:00', 174),
(273, '2014-07-23 09:29:53', '0000-00-00 00:00:00', '0000-00-00 00:00:00', 174),
(274, '2014-07-23 09:30:32', '0000-00-00 00:00:00', '0000-00-00 00:00:00', 174),
(275, '2014-07-23 09:30:44', '0000-00-00 00:00:00', '0000-00-00 00:00:00', 174),
(276, '2014-07-23 09:35:44', '0000-00-00 00:00:00', '0000-00-00 00:00:00', 174),
(277, '2014-07-23 09:41:52', '0000-00-00 00:00:00', '0000-00-00 00:00:00', 174),
(278, '2014-07-23 10:05:44', '0000-00-00 00:00:00', '0000-00-00 00:00:00', 174),
(279, '2014-07-23 10:35:05', '0000-00-00 00:00:00', '0000-00-00 00:00:00', 239),
(280, '2014-07-23 10:40:59', '0000-00-00 00:00:00', '2014-07-23 16:22:53', NULL),
(281, '2014-07-23 10:41:09', '0000-00-00 00:00:00', '0000-00-00 00:00:00', 280),
(282, '2014-07-23 10:43:10', '0000-00-00 00:00:00', '2014-07-24 09:19:27', NULL),
(283, '2014-07-23 10:43:37', '0000-00-00 00:00:00', '2014-07-23 10:44:13', NULL),
(284, '2014-07-23 10:51:39', '0000-00-00 00:00:00', '2014-07-23 14:00:35', 280),
(285, '2014-07-23 11:06:51', '0000-00-00 00:00:00', '0000-00-00 00:00:00', 239),
(286, '2014-07-23 11:07:24', '0000-00-00 00:00:00', '0000-00-00 00:00:00', 239),
(287, '2014-07-23 11:08:10', '0000-00-00 00:00:00', '0000-00-00 00:00:00', 239),
(288, '2014-07-23 11:19:21', '0000-00-00 00:00:00', '0000-00-00 00:00:00', 239),
(289, '2014-07-23 11:21:29', '0000-00-00 00:00:00', '0000-00-00 00:00:00', 239),
(290, '2014-07-23 11:22:38', '0000-00-00 00:00:00', '0000-00-00 00:00:00', 239),
(291, '2014-07-23 11:24:59', '0000-00-00 00:00:00', '0000-00-00 00:00:00', 280),
(292, '2014-07-23 11:28:35', '0000-00-00 00:00:00', '0000-00-00 00:00:00', 280),
(293, '2014-07-23 11:30:38', '0000-00-00 00:00:00', '0000-00-00 00:00:00', 280),
(294, '2014-07-23 11:32:22', '0000-00-00 00:00:00', '0000-00-00 00:00:00', 280),
(295, '2014-07-23 11:33:02', '0000-00-00 00:00:00', '0000-00-00 00:00:00', 280),
(296, '2014-07-23 11:33:27', '0000-00-00 00:00:00', '0000-00-00 00:00:00', 280),
(297, '2014-07-23 11:35:01', '0000-00-00 00:00:00', '0000-00-00 00:00:00', 280),
(298, '2014-07-23 11:36:05', '0000-00-00 00:00:00', '0000-00-00 00:00:00', 280),
(299, '2014-07-23 11:36:16', '0000-00-00 00:00:00', '0000-00-00 00:00:00', 280),
(300, '2014-07-23 11:37:26', '0000-00-00 00:00:00', '0000-00-00 00:00:00', 280),
(301, '2014-07-23 11:37:30', '0000-00-00 00:00:00', '0000-00-00 00:00:00', 280),
(302, '2014-07-23 11:37:37', '0000-00-00 00:00:00', '2014-07-23 12:05:39', 280),
(303, '2014-07-23 11:40:30', '0000-00-00 00:00:00', '0000-00-00 00:00:00', 280),
(304, '2014-07-23 11:40:44', '0000-00-00 00:00:00', '0000-00-00 00:00:00', 280),
(305, '2014-07-23 11:41:20', '0000-00-00 00:00:00', '0000-00-00 00:00:00', 280),
(306, '2014-07-23 11:41:30', '0000-00-00 00:00:00', '0000-00-00 00:00:00', 280),
(307, '2014-07-23 11:42:09', '0000-00-00 00:00:00', '0000-00-00 00:00:00', 280),
(308, '2014-07-23 11:43:03', '0000-00-00 00:00:00', '0000-00-00 00:00:00', 280),
(309, '2014-07-23 11:43:21', '0000-00-00 00:00:00', '0000-00-00 00:00:00', 280),
(310, '2014-07-23 11:44:01', '0000-00-00 00:00:00', '0000-00-00 00:00:00', 280),
(311, '2014-07-23 11:44:30', '0000-00-00 00:00:00', '0000-00-00 00:00:00', 280),
(312, '2014-07-23 11:46:12', '0000-00-00 00:00:00', '0000-00-00 00:00:00', 280),
(313, '2014-07-23 11:46:18', '0000-00-00 00:00:00', '2014-07-23 14:33:26', 282),
(314, '2014-07-23 11:48:12', '0000-00-00 00:00:00', '2014-07-23 14:04:43', 282),
(315, '2014-07-23 11:48:48', '0000-00-00 00:00:00', '2014-07-23 11:50:57', 282),
(316, '2014-07-23 11:51:02', '0000-00-00 00:00:00', '2014-07-23 11:53:46', 282),
(317, '2014-07-23 11:52:18', '0000-00-00 00:00:00', '2014-07-23 11:59:46', 282),
(318, '2014-07-23 11:53:12', '0000-00-00 00:00:00', '2014-07-23 11:53:50', 282),
(319, '2014-07-23 11:53:55', '0000-00-00 00:00:00', '0000-00-00 00:00:00', 282),
(320, '2014-07-23 11:56:56', '0000-00-00 00:00:00', '0000-00-00 00:00:00', 282),
(321, '2014-07-23 11:57:15', '0000-00-00 00:00:00', '0000-00-00 00:00:00', 282),
(322, '2014-07-23 11:59:15', '0000-00-00 00:00:00', '0000-00-00 00:00:00', 282),
(323, '2014-07-23 11:59:28', '0000-00-00 00:00:00', '2014-07-23 12:02:49', 282),
(324, '2014-07-23 12:00:52', '0000-00-00 00:00:00', '2014-07-23 12:09:01', 280),
(325, '2014-07-23 12:01:30', '0000-00-00 00:00:00', '0000-00-00 00:00:00', 280),
(326, '2014-07-23 12:02:38', '0000-00-00 00:00:00', '2014-07-23 12:05:34', 280),
(327, '2014-07-23 12:02:56', '0000-00-00 00:00:00', '0000-00-00 00:00:00', 280),
(328, '2014-07-23 12:04:31', '0000-00-00 00:00:00', '2014-07-23 12:05:37', 280),
(329, '2014-07-23 12:05:44', '0000-00-00 00:00:00', '2014-07-23 12:09:43', 280),
(330, '2014-07-23 12:09:07', '0000-00-00 00:00:00', '2014-07-23 12:11:03', 280),
(331, '2014-07-23 12:09:47', '0000-00-00 00:00:00', '2014-07-23 13:54:30', 280),
(332, '2014-07-23 12:11:06', '0000-00-00 00:00:00', '0000-00-00 00:00:00', 280),
(333, '2014-07-23 12:42:43', '0000-00-00 00:00:00', '0000-00-00 00:00:00', 280),
(334, '2014-07-23 12:42:59', '0000-00-00 00:00:00', '0000-00-00 00:00:00', 280),
(335, '2014-07-23 12:43:07', '0000-00-00 00:00:00', '0000-00-00 00:00:00', 280),
(336, '2014-07-23 12:44:09', '0000-00-00 00:00:00', '0000-00-00 00:00:00', 280),
(337, '2014-07-23 13:44:29', '0000-00-00 00:00:00', '0000-00-00 00:00:00', 280),
(338, '2014-07-23 13:52:03', '0000-00-00 00:00:00', '0000-00-00 00:00:00', 280),
(339, '2014-07-23 13:52:12', '0000-00-00 00:00:00', '0000-00-00 00:00:00', 280),
(340, '2014-07-23 13:52:32', '0000-00-00 00:00:00', '2014-07-23 13:59:22', 280),
(341, '2014-07-23 13:54:34', '0000-00-00 00:00:00', '2014-07-23 13:59:28', 280),
(342, '2014-07-23 13:55:16', '0000-00-00 00:00:00', '0000-00-00 00:00:00', 280),
(343, '2014-07-23 13:55:19', '0000-00-00 00:00:00', '0000-00-00 00:00:00', 280),
(344, '2014-07-23 13:55:32', '0000-00-00 00:00:00', '0000-00-00 00:00:00', 280),
(345, '2014-07-23 13:58:47', '0000-00-00 00:00:00', '0000-00-00 00:00:00', 280),
(346, '2014-07-23 13:59:34', '0000-00-00 00:00:00', '0000-00-00 00:00:00', 280),
(347, '2014-07-23 14:00:22', '0000-00-00 00:00:00', '2014-07-23 14:47:47', 280),
(348, '2014-07-23 14:21:32', '0000-00-00 00:00:00', '0000-00-00 00:00:00', 280),
(349, '2014-07-23 14:33:35', '0000-00-00 00:00:00', '0000-00-00 00:00:00', 280),
(350, '2014-07-23 14:35:01', '0000-00-00 00:00:00', '0000-00-00 00:00:00', 280),
(351, '2014-07-23 14:36:02', '0000-00-00 00:00:00', '0000-00-00 00:00:00', 280),
(352, '2014-07-23 14:36:39', '0000-00-00 00:00:00', '0000-00-00 00:00:00', 280),
(353, '2014-07-23 14:37:32', '0000-00-00 00:00:00', '0000-00-00 00:00:00', 280),
(354, '2014-07-23 14:37:36', '0000-00-00 00:00:00', '0000-00-00 00:00:00', 280),
(355, '2014-07-23 14:38:10', '0000-00-00 00:00:00', '0000-00-00 00:00:00', 280),
(356, '2014-07-23 14:38:25', '0000-00-00 00:00:00', '0000-00-00 00:00:00', 280),
(357, '2014-07-23 14:38:32', '0000-00-00 00:00:00', '0000-00-00 00:00:00', 280),
(358, '2014-07-23 14:38:52', '0000-00-00 00:00:00', '0000-00-00 00:00:00', 280),
(359, '2014-07-23 14:39:27', '0000-00-00 00:00:00', '0000-00-00 00:00:00', 280),
(360, '2014-07-23 14:40:23', '0000-00-00 00:00:00', '0000-00-00 00:00:00', 280),
(361, '2014-07-23 14:40:46', '0000-00-00 00:00:00', '0000-00-00 00:00:00', 280),
(362, '2014-07-23 14:40:56', '0000-00-00 00:00:00', '0000-00-00 00:00:00', 280),
(363, '2014-07-23 14:42:48', '0000-00-00 00:00:00', '0000-00-00 00:00:00', 280),
(364, '2014-07-23 14:43:28', '0000-00-00 00:00:00', '0000-00-00 00:00:00', 280),
(365, '2014-07-23 14:43:41', '0000-00-00 00:00:00', '0000-00-00 00:00:00', 280),
(366, '2014-07-23 14:44:05', '0000-00-00 00:00:00', '0000-00-00 00:00:00', 280),
(367, '2014-07-23 14:44:27', '0000-00-00 00:00:00', '0000-00-00 00:00:00', 280),
(368, '2014-07-23 14:44:53', '0000-00-00 00:00:00', '0000-00-00 00:00:00', 280),
(369, '2014-07-23 14:45:00', '0000-00-00 00:00:00', '0000-00-00 00:00:00', 280),
(370, '2014-07-23 14:46:00', '0000-00-00 00:00:00', '2014-07-23 14:48:00', 280),
(371, '2014-07-23 14:47:57', '0000-00-00 00:00:00', '0000-00-00 00:00:00', 280),
(372, '2014-07-23 14:48:02', '0000-00-00 00:00:00', '0000-00-00 00:00:00', 280),
(373, '2014-07-23 14:50:43', '0000-00-00 00:00:00', '0000-00-00 00:00:00', 280),
(374, '2014-07-23 14:51:09', '0000-00-00 00:00:00', '0000-00-00 00:00:00', 280),
(375, '2014-07-23 14:51:13', '0000-00-00 00:00:00', '0000-00-00 00:00:00', 280),
(376, '2014-07-23 14:51:57', '0000-00-00 00:00:00', '0000-00-00 00:00:00', 280),
(377, '2014-07-23 14:54:12', '0000-00-00 00:00:00', '0000-00-00 00:00:00', 280),
(378, '2014-07-23 14:54:19', '0000-00-00 00:00:00', '0000-00-00 00:00:00', 280),
(379, '2014-07-23 14:55:03', '0000-00-00 00:00:00', '0000-00-00 00:00:00', 280),
(380, '2014-07-23 14:55:55', '0000-00-00 00:00:00', '0000-00-00 00:00:00', 280),
(381, '2014-07-23 14:58:21', '0000-00-00 00:00:00', '2014-07-23 15:44:09', 280),
(382, '2014-07-23 15:21:22', '0000-00-00 00:00:00', '0000-00-00 00:00:00', 280),
(383, '2014-07-23 15:36:47', '0000-00-00 00:00:00', '2014-07-23 15:44:11', 280),
(384, '2014-07-23 15:44:13', '0000-00-00 00:00:00', '0000-00-00 00:00:00', 280),
(385, '2014-07-23 16:14:14', '0000-00-00 00:00:00', '0000-00-00 00:00:00', 280),
(386, '2014-07-23 16:16:22', '0000-00-00 00:00:00', '0000-00-00 00:00:00', 280),
(387, '2014-07-23 16:20:35', '0000-00-00 00:00:00', '0000-00-00 00:00:00', 280),
(388, '2014-07-23 16:22:09', '0000-00-00 00:00:00', '0000-00-00 00:00:00', 280),
(389, '2014-07-23 16:23:11', '0000-00-00 00:00:00', '2014-07-24 09:19:29', NULL),
(390, '2014-07-23 16:23:13', '0000-00-00 00:00:00', '0000-00-00 00:00:00', 389),
(391, '2014-07-23 16:23:25', '0000-00-00 00:00:00', '0000-00-00 00:00:00', NULL),
(392, '2014-07-23 16:23:28', '0000-00-00 00:00:00', '2014-07-23 16:36:02', NULL),
(393, '2014-07-23 16:23:46', '0000-00-00 00:00:00', '0000-00-00 00:00:00', 389),
(394, '2014-07-23 16:24:26', '0000-00-00 00:00:00', '0000-00-00 00:00:00', 389),
(395, '2014-07-23 16:28:21', '0000-00-00 00:00:00', '0000-00-00 00:00:00', 282),
(396, '2014-07-23 16:28:49', '0000-00-00 00:00:00', '0000-00-00 00:00:00', 282),
(397, '2014-07-23 16:29:05', '0000-00-00 00:00:00', '0000-00-00 00:00:00', 389),
(398, '2014-07-23 16:29:24', '0000-00-00 00:00:00', '0000-00-00 00:00:00', 389),
(399, '2014-07-23 16:32:39', '0000-00-00 00:00:00', '0000-00-00 00:00:00', 282),
(400, '2014-07-23 16:33:13', '0000-00-00 00:00:00', '0000-00-00 00:00:00', 282),
(401, '2014-07-23 16:33:39', '0000-00-00 00:00:00', '0000-00-00 00:00:00', 282),
(402, '2014-07-23 16:33:59', '0000-00-00 00:00:00', '0000-00-00 00:00:00', 282),
(403, '2014-07-23 16:35:24', '0000-00-00 00:00:00', '0000-00-00 00:00:00', 282),
(404, '2014-07-23 16:36:03', '0000-00-00 00:00:00', '0000-00-00 00:00:00', 389),
(405, '2014-07-23 16:39:10', '0000-00-00 00:00:00', '0000-00-00 00:00:00', 282),
(406, '2014-07-23 19:39:18', '0000-00-00 00:00:00', '2014-07-24 09:02:11', NULL),
(407, '2014-07-23 19:40:31', '0000-00-00 00:00:00', '2014-07-24 09:19:18', NULL),
(408, '2014-07-23 19:40:43', '0000-00-00 00:00:00', '2014-07-24 09:02:29', NULL),
(409, '2014-07-23 19:40:54', '0000-00-00 00:00:00', '2014-07-24 09:02:21', NULL),
(410, '2014-07-23 19:41:06', '0000-00-00 00:00:00', '2014-07-24 09:02:14', NULL),
(411, '2014-07-23 19:42:01', '0000-00-00 00:00:00', '2014-07-24 09:02:06', NULL),
(412, '2014-07-23 19:42:26', '0000-00-00 00:00:00', '2014-07-24 09:02:18', NULL),
(413, '2014-07-23 19:42:38', '0000-00-00 00:00:00', '2014-07-24 09:02:00', NULL),
(414, '2014-07-23 19:55:29', '0000-00-00 00:00:00', '0000-00-00 00:00:00', 282),
(415, '2014-07-23 20:58:32', '0000-00-00 00:00:00', '0000-00-00 00:00:00', 282),
(416, '2014-07-24 09:02:31', '0000-00-00 00:00:00', '0000-00-00 00:00:00', 407),
(417, '2014-07-24 09:03:09', '0000-00-00 00:00:00', '2014-07-24 09:19:22', NULL),
(418, '2014-07-24 09:03:18', '0000-00-00 00:00:00', '0000-00-00 00:00:00', 417),
(419, '2014-07-24 09:17:31', '0000-00-00 00:00:00', '2014-07-24 09:19:25', NULL),
(420, '2014-07-24 09:19:55', '0000-00-00 00:00:00', '0000-00-00 00:00:00', NULL),
(421, '2014-07-24 09:19:58', '0000-00-00 00:00:00', '0000-00-00 00:00:00', 420),
(422, '2014-07-24 09:32:08', '0000-00-00 00:00:00', '0000-00-00 00:00:00', 420),
(423, '2014-07-24 09:35:25', '0000-00-00 00:00:00', '0000-00-00 00:00:00', 420),
(424, '2014-07-24 09:36:13', '0000-00-00 00:00:00', '0000-00-00 00:00:00', 420),
(425, '2014-07-24 10:04:02', '0000-00-00 00:00:00', '0000-00-00 00:00:00', NULL),
(426, '2014-07-24 10:04:13', '0000-00-00 00:00:00', '0000-00-00 00:00:00', 425),
(427, '2014-07-24 10:04:49', '0000-00-00 00:00:00', '0000-00-00 00:00:00', NULL);

-- --------------------------------------------------------

--
-- Table structure for table `websiteadministrators`
--

CREATE TABLE IF NOT EXISTS `websiteadministrators` (
  `AdminID` int(10) NOT NULL AUTO_INCREMENT,
  `LoginID` varchar(20) CHARACTER SET utf8 NOT NULL,
  `LoginPassword` varchar(20) CHARACTER SET utf8 NOT NULL,
  `PV` int(1) NOT NULL DEFAULT '0',
  PRIMARY KEY (`AdminID`)
) ENGINE=InnoDB  DEFAULT CHARSET=latin1 AUTO_INCREMENT=2 ;

--
-- Dumping data for table `websiteadministrators`
--

INSERT INTO `websiteadministrators` (`AdminID`, `LoginID`, `LoginPassword`, `PV`) VALUES
(1, 'sjglobal', '12345', 9);

/*!40101 SET CHARACTER_SET_CLIENT=@OLD_CHARACTER_SET_CLIENT */;
/*!40101 SET CHARACTER_SET_RESULTS=@OLD_CHARACTER_SET_RESULTS */;
/*!40101 SET COLLATION_CONNECTION=@OLD_COLLATION_CONNECTION */;
